{
"lengthUnit": "mil",
"components": {
	"fields": ["COMPONENT_NO", "COMPONENT_NAME", "LAYER", "X_COORDINATE", "Y_COORDINATE", "ANGLE"],
	"rows": [
		[1, "U1", "T", 46, 408, 0],
		[2, "Q2", "T", -542.55, -410.21, 270],
		[3, "Q1", "T", -357.55, -408.35, 270],
		[4, "R5", "T", -351.3, -534.35, 180],
		[5, "R6", "T", -541.3, -534.35, 0],
		[6, "U2", "T", 177, -464, 0],
		[7, "C4", "T", -128, -549, 180],
		[8, "USB1", "T", 826, -732, 0],
		[9, "SW1", "T", 870, -412, 180],
		[10, "R3", "T", 565, -325, 90],
		[11, "U3", "T", 222, -794, 180],
		[12, "C5", "T", -38, -854, 270],
		[13, "C2", "T", 482, -819, 270],
		[14, "U4", "T", -433, -769, 180],
		[15, "C3", "T", -195, -809, 270],
		[16, "C6", "T", -735, -727, 270],
		[17, "U9", "T", -722, 336, 0],
		[18, "R18", "T", -906, 442, 180],
		[19, "R19", "T", -936, 54, 90],
		[20, "H20", "T", -1080, 50, 270],
		[21, "U10", "T", -738.27, 772.53, 180],
		[22, "C7", "T", -938.3, 874.65, 270],
		[23, "C8", "T", -938.3, 710.29, 270],
		[24, "R20", "T", -1033.3, 874.65, 270],
		[25, "C9", "T", -690, 602, 180],
		[26, "C10", "T", -816, 600, 0],
		[27, "R21", "T", -554, 858, 90],
		[28, "R22", "T", -553.3, 740.65, 270],
		[29, "H21", "T", -1080, -615, 90],
		[30, "H22", "T", 898, 474, 270],
		[31, "H23", "T", 1030, 472, 270],
		[32, "H24", "T", 576, -190, 0],
		[33, "H25", "T", -984, -182, 0],
		[34, "H26", "T", -982, -298, 0],
		[35, "LED1", "T", -762.77, 43.16, 0],
		[36, "R23", "T", -762.77, -38.18, 180],
		[37, "LED2", "T", -622.01, 43.16, 0],
		[38, "R24", "T", -622.01, -38.18, 180],
		[39, "H27", "T", -982, -414, 0],
		[40, "H28", "T", -906, -876, 0],
		[41, "R25", "T", -452, -196, 0],
		[42, "R26", "T", -452, -266, 180]
	]
},
"pins": {
	"fields": ["PIN_NO", "PIN_NAME", "PIN_X", "PIN_Y", "LAYER", "PIN_TYPE", "NET_NAME", "NET_TYPE", "PAD_SHAPE", "PAD_SIZEX", "PAD_SIZEY", "HOLE_SIZE"],
	"rows": [
		[1, "U1_1", -304.38, 760.54, "T", "SMD", "GND", "GND", "R", 59.05, 35.43, 0],
		[2, "U1_2", -304.38, 710.54, "T", "SMD", "3V3", "", "R", 59.05, 35.43, 0],
		[3, "U1_3", -304.38, 660.54, "T", "SMD", "EN", "", "R", 59.05, 35.43, 0],
		[4, "U1_4", -304.38, 610.54, "T", "SMD", "IO4", "", "R", 59.05, 35.43, 0],
		[5, "U1_5", -304.38, 560.54, "T", "SMD", "IO5", "", "R", 59.05, 35.43, 0],
		[6, "U1_6", -304.38, 510.54, "T", "SMD", "CAN_TX", "", "R", 59.05, 35.43, 0],
		[7, "U1_7", -304.38, 460.54, "T", "SMD", "CAN_RX", "", "R", 59.05, 35.43, 0],
		[8, "U1_8", -304.38, 410.54, "T", "SMD", "IO15", "", "R", 59.05, 35.43, 0],
		[9, "U1_9", -304.38, 360.54, "T", "SMD", "IO16", "", "R", 59.05, 35.43, 0],
		[10, "U1_10", -304.38, 310.54, "T", "SMD", "IO17", "", "R", 59.05, 35.43, 0],
		[11, "U1_11", -304.38, 260.54, "T", "SMD", "IO18", "", "R", 59.05, 35.43, 0],
		[12, "U1_12", -304.38, 210.54, "T", "SMD", "IO8", "", "R", 59.05, 35.43, 0],
		[13, "U1_13", -304.38, 160.54, "T", "SMD", "SDA", "", "R", 59.05, 35.43, 0],
		[14, "U1_14", -304.38, 110.54, "T", "SMD", "SCL", "", "R", 59.05, 35.43, 0],
		[15, "U1_15", -229, 55.45, "T", "SMD", "IO3", "", "R", 35.43, 59.05, 0],
		[16, "U1_16", -179, 55.45, "T", "SMD", "IO46", "", "R", 35.43, 59.05, 0],
		[17, "U1_17", -129, 55.45, "T", "SMD", "IO9", "", "R", 35.43, 59.05, 0],
		[18, "U1_18", -79, 55.45, "T", "SMD", "IO10", "", "R", 35.43, 59.05, 0],
		[19, "U1_19", -29, 55.45, "T", "SMD", "IO11", "", "R", 35.43, 59.05, 0],
		[20, "U1_20", 21, 55.45, "T", "SMD", "IO12", "", "R", 35.43, 59.05, 0],
		[21, "U1_21", 71, 55.45, "T", "SMD", "IO13", "", "R", 35.43, 59.05, 0],
		[22, "U1_22", 121, 55.45, "T", "SMD", "IO14", "", "R", 35.43, 59.05, 0],
		[23, "U1_23", 171, 55.45, "T", "SMD", "IO21", "", "R", 35.43, 59.05, 0],
		[24, "U1_24", 221, 55.45, "T", "SMD", "IO47", "", "R", 35.43, 59.05, 0],
		[25, "U1_25", 271, 55.45, "T", "SMD", "IO48", "", "R", 35.43, 59.05, 0],
		[26, "U1_26", 321, 55.45, "T", "SMD", "IO45", "", "R", 35.43, 59.05, 0],
		[27, "U1_27", 396.38, 110.54, "T", "SMD", "IO0", "", "R", 59.05, 35.43, 0],
		[28, "U1_28", 396.38, 160.54, "T", "SMD", "IO35", "", "R", 59.05, 35.43, 0],
		[29, "U1_29", 396.38, 210.54, "T", "SMD", "IO36", "", "R", 59.05, 35.43, 0],
		[30, "U1_30", 396.38, 260.54, "T", "SMD", "IO37", "", "R", 59.05, 35.43, 0],
		[31, "U1_31", 396.38, 310.54, "T", "SMD", "IO38", "", "R", 59.05, 35.43, 0],
		[32, "U1_32", 396.38, 360.54, "T", "SMD", "IO39", "", "R", 59.05, 35.43, 0],
		[33, "U1_33", 396.38, 410.54, "T", "SMD", "IO40", "", "R", 59.05, 35.43, 0],
		[34, "U1_34", 396.38, 460.54, "T", "SMD", "IO41", "", "R", 59.05, 35.43, 0],
		[35, "U1_35", 396.38, 510.54, "T", "SMD", "IO42", "", "R", 59.05, 35.43, 0],
		[36, "U1_36", 396.38, 560.54, "T", "SMD", "RXD0", "", "R", 59.05, 35.43, 0],
		[37, "U1_37", 396.38, 610.54, "T", "SMD", "TXD0", "", "R", 59.05, 35.43, 0],
		[38, "U1_38", 396.38, 660.54, "T", "SMD", "IO2", "", "R", 59.05, 35.43, 0],
		[39, "U1_39", 396.38, 710.54, "T", "SMD", "IO1", "", "R", 59.05, 35.43, 0],
		[40, "U1_40", 396.38, 760.54, "T", "SMD", "GND", "GND", "R", 59.05, 35.43, 0],
		[41, "U1_41", -13.03, 456.62, "T", "SMD", "GND", "GND", "R", 35.43, 35.43, 0],
		[42, "U1_41", -68.16, 456.62, "T", "SMD", "GND", "GND", "R", 35.43, 35.43, 0],
		[43, "U1_41", 42.09, 456.62, "T", "SMD", "GND", "GND", "R", 35.43, 35.43, 0],
		[44, "U1_41", 42.09, 511.74, "T", "SMD", "GND", "GND", "R", 35.43, 35.43, 0],
		[45, "U1_41", -13.03, 511.74, "T", "SMD", "GND", "GND", "R", 35.43, 35.43, 0],
		[46, "U1_41", -68.16, 511.74, "T", "SMD", "GND", "GND", "R", 35.43, 35.43, 0],
		[47, "U1_41", -68.16, 401.5, "T", "SMD", "GND", "GND", "R", 35.43, 35.43, 0],
		[48, "U1_41", -13.03, 401.5, "T", "SMD", "GND", "GND", "R", 35.43, 35.43, 0],
		[49, "U1_41", 42.09, 401.5, "T", "SMD", "GND", "GND", "R", 35.43, 35.43, 0],
		[50, "Q2_2", -500.14, -455.49, "T", "SMD", "DTR", "", "R", 39.37, 31.5, 0],
		[51, "Q2_3", -537.54, -364.94, "T", "SMD", "IO0", "", "R", 39.37, 31.5, 0],
		[52, "Q2_1", -574.95, -455.49, "T", "SMD", "$1N1674", "", "R", 39.37, 31.5, 0],
		[53, "Q1_2", -315.14, -453.63, "T", "SMD", "RTS", "", "R", 39.37, 31.5, 0],
		[54, "Q1_3", -352.54, -363.08, "T", "SMD", "EN", "", "R", 39.37, 31.5, 0],
		[55, "Q1_1", -389.95, -453.63, "T", "SMD", "$1N1673", "", "R", 39.37, 31.5, 0],
		[56, "R5_2", -380.96, -534.35, "T", "SMD", "DTR", "", "R", 31.75, 34.02, 0],
		[57, "R5_1", -321.64, -534.35, "T", "SMD", "$1N1673", "", "R", 31.75, 34.02, 0],
		[58, "R6_2", -511.64, -534.35, "T", "SMD", "RTS", "", "R", 31.75, 34.02, 0],
		[59, "R6_1", -570.96, -534.35, "T", "SMD", "$1N1674", "", "R", 31.75, 34.02, 0],
		[60, "U2_1", 2, -577.09, "T", "SMD", "GND", "GND", "O", 22.05, 68.7, 0],
		[61, "U2_2", 52, -577.09, "T", "SMD", "RXD0", "", "O", 22.05, 68.7, 0],
		[62, "U2_3", 102, -577.09, "T", "SMD", "TXD0", "", "O", 22.05, 68.7, 0],
		[63, "U2_4", 152, -577.09, "T", "SMD", "$1N2042", "", "O", 22.05, 68.7, 0],
		[64, "U2_5", 202, -577.09, "T", "SMD", "D+", "", "O", 22.05, 68.7, 0],
		[65, "U2_6", 252, -577.09, "T", "SMD", "D-", "", "O", 22.05, 68.7, 0],
		[66, "U2_16", 2, -350.91, "T", "SMD", "3V3", "", "O", 22.05, 68.7, 0],
		[67, "U2_14", 102, -350.91, "T", "SMD", "RTS", "", "O", 22.05, 68.7, 0],
		[68, "U2_13", 152, -350.91, "T", "SMD", "DTR", "", "O", 22.05, 68.7, 0],
		[69, "C4_2", -155.56, -549, "T", "SMD", "GND", "GND", "R", 31.5, 35.43, 0],
		[70, "C4_1", -100.44, -549, "T", "SMD", "$1N2042", "", "R", 31.5, 35.43, 0],
		[71, "USB1_A1", 699.11, -636.92, "T", "SMD", "GND", "GND", "R", 11.81, 51.18, 0],
		[72, "USB1_B12", 710.92, -636.92, "T", "SMD", "GND", "GND", "R", 11.81, 51.18, 0],
		[73, "USB1_A4", 730.61, -636.92, "T", "SMD", "+5V", "", "R", 11.81, 51.18, 0],
		[74, "USB1_B9", 742.42, -636.92, "T", "SMD", "+5V", "", "R", 11.81, 51.18, 0],
		[75, "USB1_B7", 801.47, -636.92, "T", "SMD", "D-", "", "R", 11.81, 51.18, 0],
		[76, "USB1_A6", 821.16, -636.92, "T", "SMD", "D+", "", "R", 11.81, 51.18, 0],
		[77, "USB1_A7", 840.84, -636.92, "T", "SMD", "D-", "", "R", 11.81, 51.18, 0],
		[78, "USB1_B6", 860.53, -636.92, "T", "SMD", "D+", "", "R", 11.81, 51.18, 0],
		[79, "USB1_B4", 919.58, -636.93, "T", "SMD", "+5V", "", "R", 11.81, 51.18, 0],
		[80, "USB1_A9", 931.4, -636.93, "T", "SMD", "+5V", "", "R", 11.81, 51.18, 0],
		[81, "USB1_B1", 951.08, -636.92, "T", "SMD", "GND", "GND", "R", 11.81, 51.18, 0],
		[82, "USB1_A12", 962.89, -636.92, "T", "SMD", "GND", "GND", "R", 11.81, 51.18, 0],
		[83, "USB1_3", 660.92, -827.08, "T", "DIP", "GND", "GND", "O", 47.24, 70.87, 55.12],
		[84, "USB1_3", 660.92, -827.08, "B", "DIP", "GND", "GND", "O", 47.24, 70.87, 55.12],
		[85, "USB1_4", 1001.08, -827.08, "T", "DIP", "GND", "GND", "O", 47.24, 70.87, 55.12],
		[86, "USB1_4", 1001.08, -827.08, "B", "DIP", "GND", "GND", "O", 47.24, 70.87, 55.12],
		[87, "USB1_2", 1001.08, -662.51, "T", "DIP", "GND", "GND", "O", 47.24, 78.74, 66.93],
		[88, "USB1_2", 1001.08, -662.51, "B", "DIP", "GND", "GND", "O", 47.24, 78.74, 66.93],
		[89, "USB1_1", 660.92, -662.51, "T", "DIP", "GND", "GND", "O", 47.24, 78.74, 66.93],
		[90, "USB1_1", 660.92, -662.51, "B", "DIP", "GND", "GND", "O", 47.24, 78.74, 66.93],
		[91, "SW1_2", 690.87, -500.58, "T", "SMD", "EN", "", "R", 90.55, 59.05, 0],
		[92, "SW1_3", 1049.13, -323.41, "T", "SMD", "GND", "GND", "R", 90.55, 59.05, 0],
		[93, "R3_2", 565, -295.34, "T", "SMD", "EN", "", "R", 31.75, 34.02, 0],
		[94, "R3_1", 565, -354.66, "T", "SMD", "3V3", "", "R", 31.75, 34.02, 0],
		[95, "U3_1", 105.07, -703.45, "T", "SMD", "GND", "GND", "R", 98.42, 43.31, 0],
		[96, "U3_2", 105.07, -794, "T", "SMD", "3V3", "", "R", 98.42, 43.31, 0],
		[97, "U3_3", 105.07, -884.55, "T", "SMD", "+5V", "", "R", 98.42, 43.31, 0],
		[98, "U3_4", 338.93, -794, "T", "SMD", "3V3", "", "R", 92.13, 141.73, 0],
		[99, "C5_2", -38, -881.56, "T", "SMD", "+5V", "", "R", 31.5, 35.43, 0],
		[100, "C5_1", -38, -826.44, "T", "SMD", "GND", "GND", "R", 31.5, 35.43, 0],
		[101, "C2_2", 482, -846.56, "T", "SMD", "GND", "GND", "R", 31.5, 35.43, 0],
		[102, "C2_1", 482, -791.44, "T", "SMD", "3V3", "", "R", 31.5, 35.43, 0],
		[103, "U4_1", -545.5, -678.45, "T", "SMD", "GND", "GND", "R", 97.05, 41.34, 0],
		[104, "U4_2", -545.5, -769, "T", "SMD", "+5V", "", "R", 97.05, 41.34, 0],
		[105, "U4_3", -545.5, -859.55, "T", "SMD", "VIN", "", "R", 97.05, 41.34, 0],
		[106, "U4_4", -320.5, -769, "T", "SMD", "+5V", "", "R", 97.05, 139.37, 0],
		[107, "C3_2", -195, -848.37, "T", "SMD", "GND", "GND", "R", 55.51, 53.15, 0],
		[108, "C3_1", -195, -769.63, "T", "SMD", "+5V", "", "R", 55.51, 53.15, 0],
		[109, "C6_2", -735, -766.37, "T", "SMD", "VIN", "", "R", 55.51, 53.15, 0],
		[110, "C6_1", -735, -687.63, "T", "SMD", "GND", "GND", "R", 55.51, 53.15, 0],
		[111, "U9_1", -797, 226.85, "T", "SMD", "CAN_TX", "", "O", 23.15, 80.51, 0],
		[112, "U9_2", -747, 226.85, "T", "SMD", "GND", "GND", "O", 23.15, 80.51, 0],
		[113, "U9_3", -697, 226.85, "T", "SMD", "3V3", "", "O", 23.15, 80.51, 0],
		[114, "U9_4", -647, 226.85, "T", "SMD", "CAN_RX", "", "O", 23.15, 80.51, 0],
		[115, "U9_8", -797, 445.15, "T", "SMD", "$1N2788", "", "O", 23.15, 80.51, 0],
		[116, "U9_7", -747, 445.15, "T", "SMD", "CAN_HIGH", "", "O", 23.15, 80.51, 0],
		[117, "U9_6", -697, 445.15, "T", "SMD", "CAN_LOW", "", "O", 23.15, 80.51, 0],
		[118, "R18_2", -935.66, 442, "T", "SMD", "GND", "GND", "R", 31.75, 34.02, 0],
		[119, "R18_1", -876.34, 442, "T", "SMD", "$1N2788", "", "R", 31.75, 34.02, 0],
		[120, "R19_2", -936, 83.66, "T", "SMD", "CAN_HIGH", "", "R", 31.75, 34.02, 0],
		[121, "R19_1", -936, 24.34, "T", "SMD", "CAN_LOW", "", "R", 31.75, 34.02, 0],
		[122, "H20_1", -1080, 100, "T", "DIP", "CAN_HIGH", "", "R", 66.93, 66.93, 39.37],
		[123, "H20_1", -1080, 100, "B", "DIP", "CAN_HIGH", "", "R", 66.93, 66.93, 39.37],
		[124, "H20_2", -1080, 0, "T", "DIP", "CAN_LOW", "", "C", 66.93, 66.93, 39.37],
		[125, "H20_2", -1080, 0, "B", "DIP", "CAN_LOW", "", "C", 66.93, 66.93, 39.37],
		[126, "U10_1", -689.06, 851.27, "T", "SMD", "GND", "GND", "O", 11.02, 31.5, 0],
		[127, "U10_8", -817.01, 802.06, "T", "SMD", "3V3", "", "O", 31.5, 11.02, 0],
		[128, "U10_9", -817.01, 782.37, "T", "SMD", "$1N3334", "", "O", 31.5, 11.02, 0],
		[129, "U10_10", -817.01, 762.69, "T", "SMD", "$1N3272", "", "O", 31.5, 11.02, 0],
		[130, "U10_11", -817.01, 743, "T", "SMD", "GND", "GND", "O", 31.5, 11.02, 0],
		[131, "U10_13", -787.48, 693.79, "T", "SMD", "3V3", "", "O", 11.02, 31.5, 0],
		[132, "U10_18", -689.37, 693.79, "T", "SMD", "GND", "GND", "O", 11.02, 31.5, 0],
		[133, "U10_20", -659.53, 743, "T", "SMD", "$1N3456", "", "O", 31.5, 11.02, 0],
		[134, "U10_23", -659.53, 802.06, "T", "SMD", "SCL", "", "O", 31.5, 11.02, 0],
		[135, "U10_24", -659.53, 821.74, "T", "SMD", "SDA", "", "O", 31.5, 11.02, 0],
		[136, "C7_2", -938.3, 847.09, "T", "SMD", "3V3", "", "R", 31.5, 35.43, 0],
		[137, "C7_1", -938.3, 902.21, "T", "SMD", "GND", "GND", "R", 31.5, 35.43, 0],
		[138, "C8_2", -938.3, 682.73, "T", "SMD", "GND", "GND", "R", 31.5, 35.43, 0],
		[139, "C8_1", -938.3, 737.85, "T", "SMD", "$1N3272", "", "R", 31.5, 35.43, 0],
		[140, "R20_2", -1033.3, 844.99, "T", "SMD", "$1N3334", "", "R", 31.75, 34.02, 0],
		[141, "R20_1", -1033.3, 904.31, "T", "SMD", "GND", "GND", "R", 31.75, 34.02, 0],
		[142, "C9_2", -717.56, 602, "T", "SMD", "GND", "GND", "R", 31.5, 35.43, 0],
		[143, "C9_1", -662.44, 602, "T", "SMD", "$1N3456", "", "R", 31.5, 35.43, 0],
		[144, "C10_2", -788.44, 600, "T", "SMD", "3V3", "", "R", 31.5, 35.43, 0],
		[145, "C10_1", -843.56, 600, "T", "SMD", "GND", "GND", "R", 31.5, 35.43, 0],
		[146, "R21_2", -554, 887.66, "T", "SMD", "3V3", "", "R", 31.75, 34.02, 0],
		[147, "R21_1", -554, 828.34, "T", "SMD", "SDA", "", "R", 31.75, 34.02, 0],
		[148, "R22_2", -553.3, 710.99, "T", "SMD", "3V3", "", "R", 31.75, 34.02, 0],
		[149, "R22_1", -553.3, 770.31, "T", "SMD", "SCL", "", "R", 31.75, 34.02, 0],
		[150, "H21_1", -1080, -665, "T", "DIP", "VIN", "", "R", 66.93, 66.93, 39.37],
		[151, "H21_1", -1080, -665, "B", "DIP", "VIN", "", "R", 66.93, 66.93, 39.37],
		[152, "H21_2", -1080, -565, "T", "DIP", "GND", "GND", "C", 66.93, 66.93, 39.37],
		[153, "H21_2", -1080, -565, "B", "DIP", "GND", "GND", "C", 66.93, 66.93, 39.37],
		[154, "H22_10", 898, 24, "T", "DIP", "IO35", "", "C", 66.93, 66.93, 43.31],
		[155, "H22_10", 898, 24, "B", "DIP", "IO35", "", "C", 66.93, 66.93, 43.31],
		[156, "H22_9", 898, 124, "T", "DIP", "IO36", "", "C", 66.93, 66.93, 43.31],
		[157, "H22_9", 898, 124, "B", "DIP", "IO36", "", "C", 66.93, 66.93, 43.31],
		[158, "H22_8", 898, 224, "T", "DIP", "IO37", "", "C", 66.93, 66.93, 43.31],
		[159, "H22_8", 898, 224, "B", "DIP", "IO37", "", "C", 66.93, 66.93, 43.31],
		[160, "H22_7", 898, 324, "T", "DIP", "IO38", "", "C", 66.93, 66.93, 43.31],
		[161, "H22_7", 898, 324, "B", "DIP", "IO38", "", "C", 66.93, 66.93, 43.31],
		[162, "H22_6", 898, 424, "T", "DIP", "IO39", "", "C", 66.93, 66.93, 43.31],
		[163, "H22_6", 898, 424, "B", "DIP", "IO39", "", "C", 66.93, 66.93, 43.31],
		[164, "H22_5", 898, 524, "T", "DIP", "IO40", "", "C", 66.93, 66.93, 43.31],
		[165, "H22_5", 898, 524, "B", "DIP", "IO40", "", "C", 66.93, 66.93, 43.31],
		[166, "H22_4", 898, 624, "T", "DIP", "IO41", "", "C", 66.93, 66.93, 43.31],
		[167, "H22_4", 898, 624, "B", "DIP", "IO41", "", "C", 66.93, 66.93, 43.31],
		[168, "H22_3", 898, 724, "T", "DIP", "IO42", "", "C", 66.93, 66.93, 43.31],
		[169, "H22_3", 898, 724, "B", "DIP", "IO42", "", "C", 66.93, 66.93, 43.31],
		[170, "H22_2", 898, 824, "T", "DIP", "IO2", "", "C", 66.93, 66.93, 43.31],
		[171, "H22_2", 898, 824, "B", "DIP", "IO2", "", "C", 66.93, 66.93, 43.31],
		[172, "H22_1", 898, 924, "T", "DIP", "IO1", "", "R", 62, 66.93, 43.31],
		[173, "H22_1", 898, 924, "B", "DIP", "IO1", "", "R", 62, 66.93, 43.31],
		[174, "H23_10", 1030, 22, "T", "DIP", "GND", "GND", "C", 66.93, 66.93, 43.31],
		[175, "H23_10", 1030, 22, "B", "DIP", "GND", "GND", "C", 66.93, 66.93, 43.31],
		[176, "H23_9", 1030, 122, "T", "DIP", "SCL", "", "C", 66.93, 66.93, 43.31],
		[177, "H23_9", 1030, 122, "B", "DIP", "SCL", "", "C", 66.93, 66.93, 43.31],
		[178, "H23_8", 1030, 222, "T", "DIP", "SDA", "", "C", 66.93, 66.93, 43.31],
		[179, "H23_8", 1030, 222, "B", "DIP", "SDA", "", "C", 66.93, 66.93, 43.31],
		[180, "H23_7", 1030, 322, "T", "DIP", "IO8", "", "C", 66.93, 66.93, 43.31],
		[181, "H23_7", 1030, 322, "B", "DIP", "IO8", "", "C", 66.93, 66.93, 43.31],
		[182, "H23_6", 1030, 422, "T", "DIP", "IO18", "", "C", 66.93, 66.93, 43.31],
		[183, "H23_6", 1030, 422, "B", "DIP", "IO18", "", "C", 66.93, 66.93, 43.31],
		[184, "H23_5", 1030, 522, "T", "DIP", "IO17", "", "C", 66.93, 66.93, 43.31],
		[185, "H23_5", 1030, 522, "B", "DIP", "IO17", "", "C", 66.93, 66.93, 43.31],
		[186, "H23_4", 1030, 622, "T", "DIP", "IO16", "", "C", 66.93, 66.93, 43.31],
		[187, "H23_4", 1030, 622, "B", "DIP", "IO16", "", "C", 66.93, 66.93, 43.31],
		[188, "H23_3", 1030, 722, "T", "DIP", "IO15", "", "C", 66.93, 66.93, 43.31],
		[189, "H23_3", 1030, 722, "B", "DIP", "IO15", "", "C", 66.93, 66.93, 43.31],
		[190, "H23_2", 1030, 822, "T", "DIP", "IO5", "", "C", 66.93, 66.93, 43.31],
		[191, "H23_2", 1030, 822, "B", "DIP", "IO5", "", "C", 66.93, 66.93, 43.31],
		[192, "H23_1", 1030, 922, "T", "DIP", "IO4", "", "R", 62, 66.93, 43.31],
		[193, "H23_1", 1030, 922, "B", "DIP", "IO4", "", "R", 62, 66.93, 43.31],
		[194, "H24_10", 1026, -190, "T", "DIP", "IO45", "", "C", 66.93, 66.93, 43.31],
		[195, "H24_10", 1026, -190, "B", "DIP", "IO45", "", "C", 66.93, 66.93, 43.31],
		[196, "H24_9", 926, -190, "T", "DIP", "IO21", "", "C", 66.93, 66.93, 43.31],
		[197, "H24_9", 926, -190, "B", "DIP", "IO21", "", "C", 66.93, 66.93, 43.31],
		[198, "H24_8", 826, -190, "T", "DIP", "IO14", "", "C", 66.93, 66.93, 43.31],
		[199, "H24_8", 826, -190, "B", "DIP", "IO14", "", "C", 66.93, 66.93, 43.31],
		[200, "H24_7", 726, -190, "T", "DIP", "IO13", "", "C", 66.93, 66.93, 43.31],
		[201, "H24_7", 726, -190, "B", "DIP", "IO13", "", "C", 66.93, 66.93, 43.31],
		[202, "H24_6", 626, -190, "T", "DIP", "IO12", "", "C", 66.93, 66.93, 43.31],
		[203, "H24_6", 626, -190, "B", "DIP", "IO12", "", "C", 66.93, 66.93, 43.31],
		[204, "H24_5", 526, -190, "T", "DIP", "IO11", "", "C", 66.93, 66.93, 43.31],
		[205, "H24_5", 526, -190, "B", "DIP", "IO11", "", "C", 66.93, 66.93, 43.31],
		[206, "H24_4", 426, -190, "T", "DIP", "IO10", "", "C", 66.93, 66.93, 43.31],
		[207, "H24_4", 426, -190, "B", "DIP", "IO10", "", "C", 66.93, 66.93, 43.31],
		[208, "H24_3", 326, -190, "T", "DIP", "IO9", "", "C", 66.93, 66.93, 43.31],
		[209, "H24_3", 326, -190, "B", "DIP", "IO9", "", "C", 66.93, 66.93, 43.31],
		[210, "H24_2", 226, -190, "T", "DIP", "IO46", "", "C", 66.93, 66.93, 43.31],
		[211, "H24_2", 226, -190, "B", "DIP", "IO46", "", "C", 66.93, 66.93, 43.31],
		[212, "H24_1", 126, -190, "T", "DIP", "GND", "GND", "R", 62, 66.93, 43.31],
		[213, "H24_1", 126, -190, "B", "DIP", "GND", "GND", "R", 62, 66.93, 43.31],
		[214, "H25_3", -884, -182, "T", "DIP", "+5V", "", "C", 62, 62, 40.16],
		[215, "H25_3", -884, -182, "B", "DIP", "+5V", "", "C", 62, 62, 40.16],
		[216, "H25_2", -984, -182, "T", "DIP", "+5V", "", "C", 62, 62, 40.16],
		[217, "H25_2", -984, -182, "B", "DIP", "+5V", "", "C", 62, 62, 40.16],
		[218, "H25_1", -1084, -182, "T", "DIP", "+5V", "", "R", 62, 62, 40.16],
		[219, "H25_1", -1084, -182, "B", "DIP", "+5V", "", "R", 62, 62, 40.16],
		[220, "H26_3", -882, -298, "T", "DIP", "3V3", "", "C", 62, 62, 40.16],
		[221, "H26_3", -882, -298, "B", "DIP", "3V3", "", "C", 62, 62, 40.16],
		[222, "H26_2", -982, -298, "T", "DIP", "3V3", "", "C", 62, 62, 40.16],
		[223, "H26_2", -982, -298, "B", "DIP", "3V3", "", "C", 62, 62, 40.16],
		[224, "H26_1", -1082, -298, "T", "DIP", "3V3", "", "R", 62, 62, 40.16],
		[225, "H26_1", -1082, -298, "B", "DIP", "3V3", "", "R", 62, 62, 40.16],
		[226, "LED1_1", -796.27, 42.76, "T", "SMD", "$1N5461", "", "R", 31.5, 31.5, 0],
		[227, "LED1_2", -733.27, 42.96, "T", "SMD", "+5V", "", "R", 31.5, 31.5, 0],
		[228, "R23_2", -792.43, -38.18, "T", "SMD", "$1N5461", "", "R", 31.75, 34.02, 0],
		[229, "R23_1", -733.11, -38.18, "T", "SMD", "GND", "GND", "R", 31.75, 34.02, 0],
		[230, "LED2_1", -655.51, 42.76, "T", "SMD", "$1N5605", "", "R", 31.5, 31.5, 0],
		[231, "LED2_2", -592.51, 42.96, "T", "SMD", "+5V", "", "R", 31.5, 31.5, 0],
		[232, "R24_2", -651.67, -38.18, "T", "SMD", "$1N5605", "", "R", 31.75, 34.02, 0],
		[233, "R24_1", -592.35, -38.18, "T", "SMD", "IO47", "", "R", 31.75, 34.02, 0],
		[234, "H27_3", -882, -414, "T", "DIP", "GND", "GND", "C", 62, 62, 40.16],
		[235, "H27_3", -882, -414, "B", "DIP", "GND", "GND", "C", 62, 62, 40.16],
		[236, "H27_2", -982, -414, "T", "DIP", "GND", "GND", "C", 62, 62, 40.16],
		[237, "H27_2", -982, -414, "B", "DIP", "GND", "GND", "C", 62, 62, 40.16],
		[238, "H27_1", -1082, -414, "T", "DIP", "GND", "GND", "R", 62, 62, 40.16],
		[239, "H27_1", -1082, -414, "B", "DIP", "GND", "GND", "R", 62, 62, 40.16],
		[240, "H28_1", -956, -876, "T", "DIP", "VIN", "", "R", 66.93, 66.93, 39.37],
		[241, "H28_1", -956, -876, "B", "DIP", "VIN", "", "R", 66.93, 66.93, 39.37],
		[242, "H28_2", -856, -876, "T", "DIP", "GND", "GND", "C", 66.93, 66.93, 39.37],
		[243, "H28_2", -856, -876, "B", "DIP", "GND", "GND", "C", 66.93, 66.93, 39.37],
		[244, "R25_2", -422.34, -196, "T", "SMD", "IO3", "", "R", 31.75, 34.02, 0],
		[245, "R25_1", -481.66, -196, "T", "SMD", "VIN", "", "R", 31.75, 34.02, 0],
		[246, "R26_2", -481.66, -266, "T", "SMD", "GND", "GND", "R", 31.75, 34.02, 0],
		[247, "R26_1", -422.34, -266, "T", "SMD", "IO3", "", "R", 31.75, 34.02, 0]
	]
}
}